protein name,sequence,allele
CSP,KMLVGCAPNVVCPFVIK,A    
CSP,TQDCLHLPPCDGG,A    
CSP,REACIVPACE,A    
CSP,VKLLVVGVSTA,A    
CSP,NIICTKVLDIAVVLDQS,A    
CSP,RVKLLVLGVAAA,A    
CSP,NSLVIDKNKVHVSLIISLEKKSVHQGF,A    
CSP,CLRVIKC,A    
CSP,AFVLIFSCFLLFLPLHIVRTH,A    
CSP,GDCPYVVKA,A    
CSP,KNEVHVGILLFS,A    
CSP,KVSLAAGVIGLVALAAGGLIYGY,A    
CSP,VKLIVVGVNLA,A    
CSP,FLQVQHTVATRSVPPPPCLG,A    
CSP,LKNVSEVFVKKI,A    
CSP,TEVCAFIPACSDE,A    
VIR12 Related,EQDVHVISS,A    
VIR12 Related,IMAVAVLGKIFFLFYYN,A    
VIR12 Related,KTLCKKIVQNLNQLSAL,A    
msp4,SSSLNSFFCWFLLVIIVLA,A    
msp4,KGIVKCLCKPGYKLVGTECVESS,A    
msp4,AYFLSVLDLLIIFSLYF,A    
msp4,FAGIAACIRHGR,A    
CSP,KMLVGCAPNVVCPFVIK,B   
CSP,TQDCLHLPPCDGG,B   
CSP,REACIVPACE,B   
CSP,VKLLVVGVSTA,B   
CSP,NIICTKVLDIAVVLDQS,B   
CSP,RVKLLVLGVAAA,B   
CSP,NSLVIDKNKVHVSLIISLEKKSVHQGF,B   
CSP,CLRVIKC,B   
CSP,AFVLIFSCFLLFLPLHIVRTH,B   
CSP,GDCPYVVKA,B   
CSP,KNEVHVGILLFS,B   
CSP,KVSLAAGVIGLVALAAGGLIYGY,B   
CSP,VKLIVVGVNLA,B   
CSP,FLQVQHTVATRSVPPPPCLG,B   
CSP,LKNVSEVFVKKI,B   
CSP,TEVCAFIPACSDE,B   
VIR12 Related,EQDVHVISS,B   
VIR12 Related,IMAVAVLGKIFFLFYYN,B   
VIR12 Related,KTLCKKIVQNLNQLSAL,B   
msp4,SSSLNSFFCWFLLVIIVLA,B   
msp4,KGIVKCLCKPGYKLVGTECVESS,B   
msp4,AYFLSVLDLLIIFSLYF,B   
msp4,FAGIAACIRHGR,B   
CSP,MMRKLAILSVSSFLF,A
CSP,MMRKLAILSVSSFLF,B
CSP,LAILSVSSFLFVEAL,A
CSP,LAILSVSSFLFVEAL,B
CSP,SVSSFLFVEALFQEY,B
CSP,SVSSFLFVEALFQEY,A
CSP,FLFVEALFQEYQCYG,B
CSP,FLFVEALFQEYQCYG,A
CSP,EALFQEYQCYGSSSN,A
CSP,QEYQCYGSSSNTRVL,A
CSP,SSNTRVLNELNYDNA,A
CSP,SSNTRVLNELNYDNA,B
CSP,ELNYDNAGTNLYNEL,B
CSP,ELNYDNAGTNLYNEL,A
CSP,TNLYNELEMNYYGQ,B
CSP,TNLYNELEMNYYGKQ,A
CSP,TNLYNELEMNYYGQ,A
CSP,TNLYNELEMNYYGQ,B
CSP,NELEMNYYGKQENWY,B
CSP,NELEMNYYGKQENWY,A
CSP,MNYYGKQENWYSLKK,A
CSP,GKQENWYSLKKNSRS,A
CSP,EEPSDKHIKEYLNKI,B
CSP,EEPSDKHIKEYLNKI,A
CSP,DKHIKEYLNKIQNSL,A
CSP,DKHIKEYLNKIQNSL,B
CSP,KEYLNKIQNSLSTEW,A
CSP,KEYLNKIQNSLSTEW,B
CSP,ELDYANDIEKKICKM,A
CSP,EKKICKMEKCSSVFN,B
CSP,CKMEKCSSVFNVVNS,B
CSP,KCSSVFNVVNSSIGL,A
CSP,VFNVVNSSIGLIMVL,A
CSP,VFNVVNSSIGLIMVL,B
CSP,VNSSIGLIMVLSFLF,A
CSP,SSIGLIMVLSFLFLN,A
CSP,KPKDELDYENDIEKKICKMEKCS,A
SSP2a,MNHLGNVKYLVIVFL,A
SSP2,EVDLYLLMDCSGSIR,A
SSP2,LLSTNLPYGKTNLTD,A
SSP2,LPYGKTNLTDALLQV,A
SSP2,TNLTDALLQVRKHLN,A
SSP2,ALLQVRKHLNDRINR,A
SSP2,ENVKNVIGPFMKAVC,A
SSP2,CEEERCLPKREPLDV,A
SSP2,CLPKREPLDVPDEPE,A
SSP2,ALLACAGLAYKFVVP,A
SSP2,APFDETLGEEDKDLD,A
SSP2,TLGEEDKDLDEPEQF,A
SSP2,ASKNKEKAL,B
SSP2,KNKEKALII,B
SSP2,FLIFFDLFLV,A
EXP1,VLAGLLGNV,A
CSP,GLIMVLSFL,A
EXP1,KILSVFFLA,A
EXP1,GLLGNVSTV,A
EXP1,VLLGGVGLVL,A
CSP,ILSVSSFLFV,A
LSA1,QTNFKSLLR,A
SSP2,LACAGLAYK,A
CSP,VTCGNGIQVR,A
EXP1,ALFFIIFNK,A
SSP2,LLACAGLAYK,A
LSA1,GVSENIFLK,A
LSA1,HVLSHNSYEK,A
LSA1,FILVNLLIFH,A
PfS16,MPLETQLAI,B
SSP2,TPYAGEPAPF,B
RON2  ,FYSLETMLM,DRB1  
RON2  ,FFLNDVSSI,DRB1  
RON2  ,FISEANSFR,DRB1  
RON2  ,FFKKIISLG,DRB1  
RON2  ,FRKFFKKII,DRB1  
RON2  ,FKRRKTMKK,DRB1  
RON2  ,YIFKRRKTM,DRB1  
RON2  ,LFIMSSLSR,DRB1  
RON2  ,FIMSSLSRK,DRB1  
RON2  ,LLQHIPANLL,DRB1  
RON2  ,IVRGNNLKF,DRB1  
RON2  ,FIVRGNNLK,DRB1  
RON2  ,IVRGNNLKF,DRB1  
RON2  ,YIASSSNIY,DRB1  
RON2  ,IYIASSSNI,DRB1  
RON2  ,VNYHFSNYM,DRB1  
RON2  ,YHFSNYMNL,DRB1  
RON2  ,VNYHFSNYM,DRB1  
RON2  ,IIVKYDNTHA,DRB1  
